t,xj166,xj167,xj168,xj169,xj170,xj178,xj2
400,-999.25,-999.25,10298.9092,10625.1387,9819.167,10869.5762,9998.6592
400.125,-999.25,-999.25,10298.9092,10595.0459,10025.3584,10869.5762,10319.4082
400.25,-999.25,-999.25,10388.8564,10487.7266,10259.2969,10808.5928,10196.0117
400.375,-999.25,-999.25,10473.8994,10634.582,10362.0986,10802.1934,9595.4297
400.5,-999.25,-999.25,10695.7041,11033.1953,10244.6865,10777.458,10623.0205
400.625,-999.25,-999.25,11002.9521,11172.3643,10196.6631,10767.5762,9923.1064
400.75,-999.25,-999.25,10885.3301,11117.8535,10033.5527,10766.6074,11300.8633
400.875,-999.25,-999.25,10742.5098,10685.4531,10033.1494,10747.9189,10775.3711
401,-999.25,-999.25,10815.4209,10230.1582,10106.4219,10700.3311,11233.3242
401.125,-999.25,-999.25,10891.8311,10484.1074,10107.1738,10880.5449,11783.79
401.25,-999.25,-999.25,10890.9443,10827.9619,10108.8115,11089.7979,12007.4424
401.375,-999.25,-999.25,10812.3545,10971.5684,10108.8613,11013.3281,11230.6924
401.5,-999.25,-999.25,10739.7207,10971.4424,9992.7041,10922.9521,12477.6143
401.625,-999.25,-999.25,10873.8545,10774.4063,9881.6572,10757.1895,11142.2813
401.75,-999.25,-999.25,10947.8691,10814.5967,9829.9775,10686.5996,11491.7969
401.875,-999.25,-999.25,11120.4883,10989.8818,9684.7188,10767.0371,10296.832
402,-999.25,-999.25,11279.1982,11107.8281,9601.3301,10791.7285,10951.1816
402.125,-999.25,-999.25,11254.1387,11022.5938,9772.1514,10804.9922,11658.9639
402.25,-999.25,-999.25,11093.3574,11168.9541,9973.5391,10824.377,10504.8857
402.375,-999.25,-999.25,10930.0449,11440.7402,9948.9102,10900.3203,9192.1104
402.5,-999.25,-999.25,11037.4697,11407.0059,9834.9688,10888.0195,9318.3262
402.625,-999.25,-999.25,11017.5059,10998.6445,9543.9971,10719.6787,9593.5889
402.75,-999.25,-999.25,10884.3389,10496.2344,9664.0615,10707.501,9803.5557
402.875,-999.25,-999.25,10742.7676,10574.5361,9618.0469,10687.7324,10470.9854
403,-999.25,-999.25,10732.7227,11029.917,9423.4404,10687.043,10053.5215
403.125,-999.25,-999.25,10732.2813,11601.5381,9238.8652,10686.2676,9937.3604
403.25,-999.25,-999.25,10819.1133,11108.9658,9183.5527,10594.6748,9700.3252
403.375,-999.25,-999.25,10881.5322,10242.6641,9323.1484,9698.9238,9686.2236
403.5,-999.25,-999.25,10992.8076,10565.7197,9492.0938,6082.1289,9859.8584
403.625,-999.25,-999.25,11032.7539,10736.3291,9241.0967,4528.9907,9869.5713
403.75,-999.25,-999.25,11143.6826,10902.6523,9105.9951,2986.2957,9562.2959
403.875,-999.25,-999.25,11293.9014,11011.8125,8928.3555,2325.3594,8816.4102
404,-999.25,-999.25,11334.8057,10914.0137,8711.4053,2073.4751,8834.5205
404.125,-999.25,-999.25,11176.4658,10811.21,7127.79,1959.1469,8569.1904
404.25,-999.25,-999.25,11029.9268,10532.083,4212.5801,1968.6899,8439.668
404.375,-999.25,-999.25,11167.3037,10901.2949,2345.4402,1968.6899,9236.4209
404.5,-999.25,-999.25,11202.1563,11418.3135,2237.5017,1968.6899,9282.4209
404.625,-999.25,-999.25,11180.2744,11757.2061,1610.6411,2046.4857,9254.0234
404.75,-999.25,-999.25,11180.2744,11736.9854,1610.6411,2079.2954,9395.3867
404.875,-999.25,-999.25,11038.9932,11442.7852,1610.6411,2193.5647,9311.8564
405,-999.25,-999.25,11026.623,11653.3115,1610.6411,2199.4421,9461.292
405.125,-999.25,-999.25,11025.7236,11847.5762,1610.6411,2256.5967,9203.1768
405.25,-999.25,-999.25,11025.2168,11851.4258,1610.6411,2276.8804,9330.7861
405.375,-999.25,-999.25,11024.3945,11958.332,1610.6411,2301.3125,9326.791
405.5,-999.25,-999.25,11023.332,11753.8262,1628.0237,2301.3125,8975.7334
405.625,-999.25,-999.25,11023.332,11558.4297,1702.9182,2374.1094,9197.4375
405.75,-999.25,-999.25,10898.791,11689.1445,1726.0841,3035.9583,9689.4492
405.875,-999.25,-999.25,11022.2891,12042.2832,1726.2034,3824.7793,10249.29
406,-999.25,-999.25,11021.4463,12070.209,1726.4324,7859.5068,10871.5996
406.125,-999.25,-999.25,11168.3652,11538.3242,1726.4324,10966.8486,11412.334
406.25,-999.25,-999.25,11327.3242,11208.667,1758.6678,11436.8965,12334.7559
406.375,-999.25,-999.25,11312.0596,11678.0801,3543.4871,10931.4111,12685.1094
406.5,-999.25,-999.25,11171.7383,12125.6084,3968.803,10486.6357,11865.6113
406.625,-999.25,-999.25,11171.7383,11941.0293,5229.8755,10416.0107,11411.5176
406.75,-999.25,-999.25,11211.3145,11651.4629,6573.7808,10710.2354,10781.1826
406.875,-999.25,-999.25,11420.957,11548.374,8058.6553,10794.0254,12220.6592
407,-999.25,-999.25,11634.6582,11547.2598,8817.1475,10677.0078,12427.2754
407.125,-999.25,-999.25,11819.5957,11460.6729,8729.1113,10657.6543,12106.8467
407.25,-999.25,-999.25,12020.0391,11294.7939,8440.2451,10644.459,11169.8984
407.375,-999.25,-999.25,12243.7383,11238.1631,8533.1641,10698.3975,10660.1738
407.5,-999.25,-999.25,12121.4795,11121.7832,8639.2451,10921.5684,10043.4375
407.625,-999.25,-999.25,11649.1787,11069.1611,8823.7451,11066.8691,9969.1748
407.75,-999.25,-999.25,11376.2158,11095.6338,9108.7129,11180.3057,10199.4043
407.875,-999.25,-999.25,11264.4531,11407.7188,9221.3271,10785.1387,10721.0352
408,-999.25,-999.25,11319.2813,11665.3066,9517.1543,8682.6533,10187.5576
408.125,-999.25,-999.25,11176.3525,11797.1621,9457.0967,8635.7373,11584.0088
408.25,-999.25,-999.25,11163.2988,11649.8369,9551.3438,10975.0059,10670.124
408.375,-999.25,-999.25,11163.2051,11433.3213,10040.2324,12062.3545,10887.6016
408.5,-999.25,-999.25,11249.3955,11280.666,10805.0186,12365.0039,10918.3545
408.625,-999.25,-999.25,11270.5596,11393.9727,11055.832,12158.3242,11496.1328
408.75,-999.25,-999.25,11161.3086,11476.9375,10693.9287,11993.8037,12357.0322
408.875,-999.25,-999.25,11161.3086,11508.9688,10198.1826,11353.7637,12235.6982
409,-999.25,-999.25,11236.0303,11391.4658,9797.6162,11249.2588,11355.5986
409.125,-999.25,-999.25,11313.502,11273.0703,9849.5244,11234.5586,10770.9033
409.25,-999.25,-999.25,11313.502,11010.4824,10096.5117,11048.3975,10580.5166
409.375,-999.25,-999.25,11193.6475,10968.8945,10150.5439,10999.0684,10952.1162
409.5,-999.25,-999.25,11034.9854,11068.3604,10058.1797,11084.5986,11273.377
409.625,-999.25,-999.25,11002.0605,11106.1162,9869.9355,11046.0625,11677.7031
409.75,-999.25,-999.25,11001.6729,11205.5684,10149.8486,11161.5273,11335.1279
409.875,-999.25,-999.25,11001.6729,11243.3652,10295.4424,11449.8984,10824.9521
410,-999.25,-999.25,11001.6729,11213.4453,10209.7002,11372.9971,10863.71
410.125,-999.25,-999.25,11001.6729,11083.2979,10014.1768,11355.0801,11520.2188
410.25,-999.25,-999.25,11001.6729,10872.1289,10035.7588,11405.8467,11324.2451
410.375,-999.25,-999.25,11001.6729,10824.6924,10156.9902,11270.9873,10727.0967
410.5,-999.25,-999.25,11106.8027,10901.333,10044.7764,11243.46,10783.5781
410.625,-999.25,-999.25,11273.6309,10866.834,9989.2129,11235.4414,13406.208
410.75,-999.25,-999.25,11306.8213,10898.8096,10592.3281,11100.8008,12567.915
410.875,-999.25,-999.25,11198.752,11003.5361,10367.0752,10778.4912,11906.8848
411,-999.25,-999.25,11151.2842,11134.0039,10116.1504,10736.667,11708.7002
411.125,-999.25,-999.25,11150.7139,11300.8301,9967.7754,10704.9756,10661.4697
411.25,-999.25,-999.25,11149.9355,11374.7783,9784.2666,10291.8555,10494.3379
411.375,-999.25,-999.25,11144.7881,11268.5156,10088.0225,8676.6064,11016.7852
411.5,-999.25,-999.25,10996.0283,11113.1895,10581.1992,7697.2783,11377.0244
411.625,-999.25,-999.25,10996.0283,10816.8154,10423.6992,8444.7266,11814.8115
411.75,-999.25,-999.25,11021.292,10814.627,10788.9287,10695.8857,11944.5371
411.875,-999.25,-999.25,11147.0918,10920.71,11036.2568,11392.6699,12158.8916
412,-999.25,-999.25,11146.8545,10985.9043,10966.7725,11778.6582,11913.3447
412.125,-999.25,-999.25,11145.1982,11155.6729,10750.8516,11301.3779,11886.2383
412.25,-999.25,-999.25,11145.1982,11157.3896,10245.8828,10893.4053,11210.2012
412.375,-999.25,11045.4316,11144.6768,11170.1484,10028.9014,10650.6836,11149.9355
412.5,-999.25,10939.0059,11144.251,11363.2461,10152.8613,10434.5752,11244.4473
412.625,-999.25,10915.1992,11143.8789,11434.6162,10171.6631,10231.4268,11099.4355
412.75,-999.25,10199.3936,11143.3037,10826.2383,10172.5918,10052.666,11095.3379
412.875,-999.25,9944.9004,11142.3623,7669.4829,10234.2881,10052.666,11061.6289
413,-999.25,10063.5996,11142.3564,5113.2671,10232.0049,9950.8672,11453.1104
413.125,-999.25,9185.8496,11108.625,3867.7019,10020.1016,9924.8008,11705.4189
413.25,-999.25,9935.374,10988.501,3118.7737,9688.7266,9923.793,11239.1104
413.375,-999.25,10892.8672,11134.5264,2694.2471,9964.0303,9923.2852,10844.8438
413.5,-999.25,10948.9248,11140.4619,2422.5801,10270.5469,10052.1748,10806.5322
413.625,-999.25,10949.668,11139.7441,2348.6509,10111.2949,9974.2783,11250.8555
413.75,-999.25,10956.4619,11046.5977,2311.3413,9933.2021,9889.9336,9879.0361
413.875,-999.25,11080.3223,10971.0371,2284.6558,9967.5273,9835.4287,7792.6196
414,-999.25,11080.3223,10692.7881,2309.3884,10039.8252,10076.2324,8550.8994
414.125,-999.25,11080.3223,10443.4482,2347.7654,10040.4727,10170.5947,10885.7842
414.25,-999.25,11080.7197,10362.2002,2347.5132,10163.6143,10190.1943,12111.2109
414.375,-999.25,10937.5342,10236.4004,2347.2898,10451.5703,10177.1729,12531.207
414.5,-999.25,10743.6416,10367.5527,2347.1345,10573.7891,10193.6992,12219.4795
414.625,-999.25,10884.0967,9701.8301,2304.1238,10359.2959,10229.6602,12168.5439
414.75,-999.25,10959.4414,7200.9087,2249.2605,10235.4219,10031.6895,11828.5381
414.875,-999.25,11012.084,4570.3921,4522.9775,10510.6172,10197.4932,11452.4287
415,-999.25,11160.1895,3274.9937,2530.9387,10506.627,10350.6953,10353.0938
415.125,-999.25,11163.7676,2849.2607,3267.583,10567.832,10490.3203,10217.0928
415.25,-999.25,10970.1885,2537.3823,8115.2671,10563.8408,10514.5723,11094.1006
415.375,-999.25,10734.5059,2537.3823,11148.1758,10368.873,10508.0693,11643.4111
415.5,-999.25,10589.498,2537.3823,13368.708,10302.0547,10201.7412,11891.3662
415.625,-999.25,10580.5117,2537.3823,12988.4453,10104.5693,9790.3887,11581.3916
415.75,-999.25,10344.3896,2537.3823,12240.5635,10054.3633,9670.792,12032.4844
415.875,-999.25,10067.748,2491.0774,11680.9834,10223.3164,9688.7578,11981.207
416,-999.25,9042.0713,2464.686,12223.457,10466.3457,9896.5889,11602.8086
416.125,-999.25,7763.0894,2396.3743,12584.1885,10889.9951,10028.5742,11058.7051
416.25,-999.25,8661.9307,2392.6084,12159.583,11012.5986,10162.5303,10876.2051
416.375,-999.25,9629.5508,2355.4939,11339.8389,10502.3477,10098.8057,10774.248
416.5,-999.25,10205.1826,2322.0325,11458.5205,10164.8408,10150.7402,11114.9941
416.625,-999.25,10321.9561,2258.9116,11333.4951,10057.1797,10300.2695,12341.082
416.75,-999.25,10230.5557,2314.4119,11151.4912,10142.1875,10130.8154,12032.9736
416.875,-999.25,9953.6768,2991.3567,11114.8105,10200.9951,10310.624,11974.4238
417,-999.25,9313.9121,3672.6396,11199.4521,10337.333,10146.04,12150.167
417.125,-999.25,9511.8975,4022.6599,11199.4521,10649.2207,10055.1123,11483.9727
417.25,-999.25,9417.124,4947.9775,11088.3994,10666.3086,10057.291,11375.0117
417.375,-999.25,9070.8779,6857.5669,11058.3623,10310.6436,10376.5547,11864.4824
417.5,-999.25,9080.627,8929.9316,10940.5586,10204.8076,10434.9502,11790.9775
417.625,-999.25,8964.3975,9777.2471,11043.8584,10169.6729,10328.3887,11861.3477
417.75,-999.25,9654.1289,9648.9932,11188.6328,10049.1553,10111.834,11462.7227
417.875,-999.25,10386.8877,9691.5469,11054.25,9947.7432,9944.6084,11450.9053
418,-999.25,10859.0459,9934.582,11120.4277,10066.7373,9644.5869,11704.9629
418.125,-999.25,11148.0146,9877.3271,11311.9521,10151.251,9766.873,11220.8047
418.25,-999.25,11243.3799,9600.0752,11592.5371,10218.5283,9833.4268,10464.8809
418.375,-999.25,10901.2578,10116.3799,11471.7451,10354.0596,10044.9697,10717.9346
418.5,-999.25,10397.8291,10123.0752,11287.8213,10275.5996,10357.7891,11009.6162
418.625,-999.25,10278.752,10034.0732,11255.8174,10212.8584,10564.2031,10748.1494
418.75,-999.25,10195.4082,9777.957,11295.4102,10116.9307,10656.7061,10319.9531
418.875,-999.25,9864.9482,9790.9297,11186.2139,10083.8184,10643.7959,9682.8818
419,-999.25,9555.8896,10339.5234,11060.9971,10219.1016,10321.3672,9603.7275
419.125,-999.25,9413.6992,10695.8457,11183.7324,10359.293,10167.5234,10321.9932
419.25,-999.25,9470.75,10816.1094,11122.6836,10360.0342,10401.0039,10296.3994
419.375,-999.25,9916.6895,10953.0527,11043.4297,10279.8369,10639.3135,10601.502
419.5,-999.25,10234.4795,10814.2402,11051.7363,10220.4893,10776.5322,10193.8672
419.625,-999.25,10305.7529,10814.2402,11111.9619,10220.4893,10787.2422,12731.2656
419.75,-999.25,10685.3721,10692.7588,11040.8389,10168.498,10641.0205,11109.79
419.875,-999.25,10758.1973,10662.6758,11038.6338,10147.7881,10611.8271,11039.8975
420,-999.25,10879.6943,10740.0469,11038.3926,10419.2598,10612.5869,10687.5117
420.125,-999.25,10879.6943,10812.374,11037.8115,10509.9805,10367.0293,10812.4414
420.25,-999.25,10880.7021,10812.0479,11181.5371,10457.5469,10129.0537,10918.8438
420.375,-999.25,10881.2129,10810.5078,11242.1045,10369.4258,10575.4453,11059.4424
420.5,-999.25,11008.8555,10810.5078,11059.8037,10369.4258,11064.5664,10567.3594
420.625,-999.25,11278.4707,10844.7686,11202.3496,10369.4258,10649.2988,10361.9922
420.75,-999.25,11455.3125,10961.2412,11161.7637,10280.1328,10511.0771,10899.4502
420.875,-999.25,11283.2891,10898.7568,10905.6738,10228.9707,10591.4463,11544.5898
421,-999.25,10997.2188,10807.7109,10701.21,10231.4229,10509.4717,11793.4502
421.125,-999.25,10965.1826,10784.0703,10807.126,10374.5527,10440.3965,11426.2168
421.25,-999.25,11016.0439,10657.1162,11155.1172,10374.5527,10782.6338,10979.9697
421.375,-999.25,11017.9443,11255.3184,11166.3691,10421.2813,11181.7764,10531.5693
421.5,-999.25,11019.1016,11261.0693,11135.252,10519.4424,11284.4131,10374.0586
421.625,-999.25,11006.4854,11261.0693,11026.3096,10589.29,10698.7031,10270.043
421.75,-999.25,10875.9248,11261.0693,10965.542,10665.8633,10028.1455,10278.1113
421.875,-999.25,10674.0117,11261.0693,10886.1904,10541.7275,9678.2666,10545.7676
422,-999.25,9508.2539,11261.0693,10884.6885,10522.8818,9906.6025,11325.2637
422.125,-999.25,9815.7744,11261.0693,10860.2471,10659.0283,10361.3965,10470.3564
422.25,10671.6416,10815.6953,11022.0293,10688.6182,10669.668,10486.5957,10271.2627
422.375,10750.6904,11057.5693,10889.6426,10657.0508,10671.1992,10410.1025,9517.5244
422.5,10737.252,10900.9668,11284.1475,10922.6934,10672.2666,10246.5742,10027.2578
422.625,10707.2803,10901.3896,11606.0928,11277.4111,10607.4092,10214.459,10768.1211
422.75,10916.5225,10819.3936,11118.1123,11397.6641,10582.1348,10438.6582,10836.6914
422.875,10769.6152,10528.999,10602.8096,11185.3867,10827.9131,10700.0068,10602.2227
423,10721.5957,10349.3291,10641.7285,11263.8779,10853.7061,10365.8887,10527.3232
423.125,10704.3125,10388.832,10785.583,11745.9482,10610.5146,10173.8398,10973.8818
423.25,10750.1309,9778.2129,10649.2969,11463.4561,10626.8369,10232.1289,11029.5352
423.375,10640.3525,8566.2607,10554.6895,10830.3604,10355.1807,10232.1289,10670.8691
423.5,10606.7129,6577.5293,10430.1084,11130.4102,10242.46,10257.7852,11074.4727
423.625,10680.5313,4438.1646,10349.0547,11307.626,10616.7061,10232.458,10325.7637
423.75,10759.2236,3933.0776,10393.7764,10925.0791,11060.5078,10244.7998,9158.1104
423.875,10756.8359,3815.176,10496.543,10938.3086,10963.1162,10260.6523,9313.6934
424,10728.8467,3105.7266,10495.7861,11030.8369,10683.168,10259.627,9807.5
424.125,10728.8467,2601.4058,10494.708,11145.7168,10645.4756,10087.5078,10319.3486
424.25,10724.4678,2577.0049,10494.708,11266.6455,11051.9473,9927.8672,10449.6748
424.375,10724.2363,2637.9248,10631.0078,11246.0713,11257.5703,9958.1836,10404.9883
424.5,10682.4648,2622.0161,10532.1689,10965.2578,11081.6826,10198.9063,10156.3613
424.625,10683.9385,2578.1133,10455.8682,10517.1191,10840.668,10988.5566,9764.9873
424.75,10758.4346,2578.1133,10343.5801,10454.9121,10675.4316,11315.0371,9706.9102
424.875,10804.3418,2518.9773,10343.5801,10320.7705,10543.8379,11064.9648,10226.4287
425,10828.3955,2485.8306,10224.7891,10356.6934,10523.9316,10744.0508,10544.3594
425.125,10833.333,2457.916,10308.5332,10535.2666,10295.6924,10766.2012,10398.8086
425.25,10801.2988,2450.8088,9892.2188,10723.123,10193.6943,10875.7803,10289.6816
425.375,10891.79,2398.7405,8027.2856,10721.9072,10461.8242,11060.959,10297.834
425.5,10885.9365,2358.0847,7564.8105,10720.4814,10667.8115,11153.4756,10186.0234
425.625,10910.0215,2410.8477,9435.3193,10719.6836,10693.9424,10964.9111,10268.7461
425.75,10991.3359,3520.5779,10626.6514,10718.8633,10550.4688,10784.1064,10680.1807
425.875,11120.9219,7753.3213,10887.0449,10776.2031,10659.2666,10672.9121,10582.6387
426,11155.5176,10424.0322,11017.0127,10950.0156,10842.1836,10630.3828,10462.5596
426.125,11104.2119,10702.5986,10916.2188,10991.3496,10943.3896,10818.415,10451.0293
426.25,11274.4512,10843.2334,10785.335,10940.2744,10991.7734,10991.6543,10473.0605
426.375,11274.0313,10925.0313,10678.9707,10850.9717,10849.3682,11081.8672,10127.5254
426.5,11252.0059,10926.8262,10634.291,10829.2422,10707.9121,11099.5557,10096.2021
426.625,11217.8242,10963.6689,10633.9727,10711.2217,10741.4082,10922.8203,10380.752
426.75,11175.9141,11054.5859,10730.1982,10525.5723,10832.8867,10944.6475,10594.3164
426.875,11026.2031,11055.8145,10782.5371,10535.9063,10703.4834,10968.1152,11273.5166
427,11002.4229,11163.7246,10652.9814,9020.9551,10568.6406,10856.377,10669.4258
427.125,10968.7305,10997.8691,10629.3447,5665.8516,10489.1963,10272.3408,10600.2686
427.25,10968.7305,10544.6455,10629.3447,4829.3794,10868.8018,7099.4702,10752.1641
427.375,10939.5361,10538.3184,10629.3447,5701.1074,11368.4971,3613.936,10562.0332
427.5,10769.8926,10895.5811,10629.3447,10029.8037,11134.9658,3299.551,10691.6484
427.625,10914.4844,10627.5869,10643.7021,10704.4082,10798.3574,3288.0278,10028.6436
427.75,10949.2471,10073.0479,11073.4014,10999.0059,10620.0586,3051.1331,9575.7266
427.875,10968.0566,10221.0645,11913.501,11164.2188,10735.0898,2461.1445,9982.8359
428,10789.0615,10681.3438,12168.8203,10908.6416,10950.0068,2468.4287,9758.0352
428.125,10721.9102,10740.5479,12059.1738,10603.2217,10862.5088,2615.2991,8500.2168
428.25,10864.2998,10876.4502,11474.9326,10500.5625,10860.2588,2768.6333,7801.5464
428.375,10908.0469,10942.9258,10813.6426,10376.8623,10701.8467,2872.0269,8691.8809
428.5,10881.5645,10945.0967,10710.7432,10339.4365,10579.9727,2811.2251,9122.0859
428.625,10812.7852,10945.0967,10917.2129,10457.5029,10803.25,2813.6882,9806.085
428.75,10642.7705,10862.1953,10832.3955,10601.915,10905.1514,2963.0212,10688.7422
428.875,10981.1582,10622.501,10774.1563,10666.4531,11077.6738,3036.3745,11534.2285
429,11118.2549,10021.4639,10749.3359,10559.1338,10854.6777,2826.9946,11338.417
429.125,11118.2549,7214.2202,10627.5752,10655.9141,10605.8564,3657.7217,10588.0664
429.25,11118.2549,3186.1365,10772.291,10692.1582,10502.6748,4170.5449,10041.916
429.375,11040.54,3797.9282,10658.1357,10691.748,10297.1602,9398.5303,10029.249
429.5,11011.04,7645.2515,10686.7666,10689.7324,10151.5947,12016.4219,9784.792
429.625,11099.9102,9718.3926,10706.7256,10689.7324,10112.1104,12098.2627,9866.3027
429.75,11130.9775,10877.5889,10504.0811,10725.0225,9592.4219,11673.6523,10447.8564
429.875,11083.0254,10954.3643,10493.1221,10825.2031,7927.5415,11377.6035,11472.623
430,11100.6289,10817.3164,10706.9961,10698.0117,6400.3218,11297.6836,11997.7305
430.125,11213.3135,10729.6133,10559.1875,10479.1475,6023.8018,11120.1924,12453.4248
430.25,11242.8496,10831.6836,10361.0811,10494.1338,6099.2231,10748.2578,12598.8027
430.375,11266.0732,10785.1787,10320.7783,10579.1768,6175.0366,10516.834,12543.5088
430.5,10822.0723,10453.6963,10378.0244,10697.2686,6748.6406,10668.0586,11731.8418
430.625,10779.5488,10659.418,10527.8545,10819.5078,8381.6045,10577.2207,11571.0918
430.75,10808.6816,10497.7803,10750.6631,10922.5723,8020.3491,10564.6016,11795.8799
430.875,10836.8906,10276.9102,10916.4619,10727.8252,3952.7522,10536.3252,11568.1377
431,10815.5703,10220.666,10915.5664,10485.7393,3101.4138,10967.9863,11594.4355
431.125,10595.7832,10059.7725,10882.4443,10705.0723,3360.9077,10990.6934,11946.0713
431.25,10741.6484,10371.3477,10784.6387,10814.7207,2906.8809,10923.6309,11756.1904
431.375,10719.085,10858.4893,10913.3799,10663.4902,2333.1472,11026.6299,10760.4697
431.5,10596.167,11148.1943,10913.3799,10404.1465,2181.2944,11058.9531,11421.7402
431.625,10648.1641,10971.7568,10869.665,10494.5625,2198.8457,10887.8428,10347.626
431.75,10775.0039,10971.0088,10761.1201,10537.4443,2423.7561,11006.4082,10018.4189
431.875,10824.6191,10888.9912,10761.1201,10421.6074,2822.0586,11210.8379,10217.5293
432,10729.3936,10892.2559,10760.6523,10400.6045,3068.0371,11440.1465,10466.3301
432.125,10480.9014,11191.0039,10810.1914,10242.8574,3011.0374,11281.5,10326.7822
432.25,10627.625,11069.5,10910.5664,10225.1963,2700.0139,10832.3613,10316.917
432.375,10962.0547,10977.6348,10735.1211,10262.5879,2548.0813,10599.3115,10048.2334
432.5,10962.0547,10977.873,10608.5811,10262.2773,2968.759,10552.6689,7471.5337
432.625,10841.832,11063.6641,10607.1543,10135.2695,4920.5029,10459.9971,5512.6958
432.75,10759.1025,11107.1592,10634.3193,9994.7891,8256.8955,10636.1182,5838.4063
432.875,10696.5889,10964.6465,10792.3418,9862.4063,9311.6484,10520.6973,8261.2822
433,10733.6592,9132.209,10755.5352,10037.0234,9331.6563,10710.3633,7700.1177
433.125,10818.4502,8315.5615,10752.1191,10257.5244,9428.5527,10870.6025,8388.6924
433.25,10721.7178,10662.3115,10603.458,10135.3311,9691.4482,10894.3691,8613.9502
433.375,10539.7773,11368.0059,10603.458,10122.376,9858.7158,10858.8916,7297.085
433.5,10628.8975,11238.0908,10603.458,10120.9443,9726.3115,10645.2598,9049.3584
433.625,10692.249,11002.1299,10623.6133,10184.1133,9425.7617,10487.0498,10448.2217
433.75,10625.4434,10988.5547,10752.7432,10525.0459,9112.3682,10799.2275,10477.0527
433.875,10343.7881,11103.1563,10752.7432,10879.1191,9266.9004,11002.5684,9643.9678
434,10446.585,11118.1514,10891.665,10623.3135,9212.4434,11076.2998,8665.3672
434.125,10755.248,11119.4385,10901.1973,10286.1543,9371.2041,10992.8115,9715.7002
434.25,10679.3184,11093.5439,10901.1973,10301.6846,9476.1533,10933.6885,10878.6563
434.375,10773.2324,10994.6592,10953.3281,10382.2656,9477.0059,10887.3105,10358
434.5,10858.7764,10895.1592,11053.0693,10277.377,9478.0752,10715.5566,10687.4209
434.625,10902.0088,11021.2402,11051.6133,10266.8066,9478.0752,10733.4854,10511.5391
434.75,10855.3271,11333.083,11034.9189,10379.0771,9605.1953,11094.5537,10990.4971
434.875,10837.8066,11382.0039,10899.3232,10542.9521,9649.7783,11292.8262,10490.4004
435,10408.416,11382.7578,10778.6357,10471.1279,9841.6211,11307.9033,9680.1543
435.125,10245.8232,11160.3066,10746.2305,10204.3047,10039.8252,10548.585,10318.3662
435.25,10297.4551,10729.9785,10746.2305,10091.4678,10039.8252,9332.9814,10774.041
435.375,10690.4131,10286.0527,10745.4316,10657.7207,10039.8252,7459.2979,10233.8438
435.5,11061.1133,10253.9512,10745.2988,10611.4863,10077.3047,5759.8667,9511.3037
435.625,11092.1387,10535.0615,10744.168,10436.7949,10125.4922,5629.0513,10162.2969
435.75,11082.2295,10809.666,10743.4385,10676.5449,9682.374,5096.3877,11676.4775
435.875,10885.9121,11007.167,10743.4385,10695.1191,9293.2402,2503.8494,13237.2842
436,10758.2178,10904.3135,10796.9932,10151.3027,9786.584,2105.8564,12690.3643
436.125,10669.3691,11010.1162,10892.7656,6971.1138,10677.7148,2262.8687,11515.2197
436.25,10546.5371,11011.4609,10892.7656,3510.5649,10554.3232,2513.6482,12066.9932
436.375,10549.2383,11011.7119,11004.3477,2784.3926,9865.2813,2461.8696,12438.3135
436.5,10466.9805,11013.0479,11044.1406,3824.3213,10094.9287,2480.1599,10520.75
436.625,10273.8203,11014.7227,10817.2373,4649.8809,10293.0566,2191.0708,10595.2236
436.75,9173.7695,11016.0439,10667.9707,2824.7295,10333.21,2247.2012,12007.0371
436.875,4840.624,11039.6641,11043.208,4026.0005,10232.749,2247.2012,11280.3164
437,4992.5903,11144.5586,11194.7178,8389.6191,10050.4648,2251.8267,11567.6846
437.125,5108.9424,11106.2158,10956.9434,9150.3477,9994.1055,2470.2764,11386.9932
437.25,4329.7485,11017.1797,10627.4512,6486.0591,9860.5166,2610.0225,11841.5928
437.375,3896.0593,10894.8877,10639.3545,3551.1807,9697.3838,2715.948,10663.1641
437.5,4290.3174,10780.9619,11207.8818,3943.3872,9569.7324,3479.0593,10990.0605
437.625,4461.5532,10771.3779,11759.2314,7843.2046,9461.834,6338.2324,10381.5693
437.75,3544.7734,10880.9336,11584.2627,10216.1396,9362.4717,10662.0293,9247.3848
437.875,3157.2651,11098.2129,11341.1963,10653.2031,9471.9727,11947.459,8361.1602
438,3178.2336,10946.2969,11341.1963,10224.1318,9565.6143,11224.0068,7509.46
438.125,3178.9868,10900.8857,11341.1963,10404.251,9537.6055,10691.9043,7443.7983
438.25,3079.3623,11018.4063,11341.1963,10179.1631,7255.4004,10430.8887,8679.7129
438.375,2823.9946,11146.0313,11341.1963,10090.9199,5969.9297,10560.127,9320.1182
438.5,2803.7527,11158.5469,11341.1963,10032.3584,6687.7378,10360.4316,10131.1904
438.625,2805.0447,11155.9971,11341.1963,10087.1377,5960.4844,10063.9795,11784.6895
438.75,2835.4092,11010.8076,11341.1963,9959.0137,3442.9023,10043.5508,12579.499
438.875,2768.4446,10638.7529,11241.9814,9813.876,3813.7346,10227.75,11493.5615
439,2553.6426,10646.1611,11174.5605,9757.2598,3851.1355,10515.2305,11868.7529
439.125,2553.6426,11008.918,11031.6025,9784.8848,2535.27,10255.3867,11655.4639
439.25,5116.7095,10938.9316,10892.1523,9486.6777,2780.5549,10264.1641,11298.0625
439.375,5440.1758,10403.5176,11030.8691,9308.9775,2902.3594,10384.4453,13481.8818
439.5,8918.499,10329.9688,11030.8691,9428.2168,2765.8083,10661.2764,12276.126
439.625,10064.3906,10837.9785,11073.6533,9426.543,2614.6216,10615.3203,11724.3301
439.75,10351.1602,11042.0391,11137.2686,9425.1797,2659.6873,10224.3662,11431.8398
439.875,10174.8555,11171.5479,10966.5068,9425.1797,2561.6658,10013.8281,12393.7344
440,10361.8359,11172.4717,11080.7061,9459.4287,2279.5842,10093.1758,12297.8643
440.125,10662.4277,11172.4717,11422.9395,9588.0645,2129.929,10325.4727,11302.0605
440.25,10776.5186,11174.1875,11334.5078,9769.127,2159.9248,10464.0752,11325.2441
440.375,10821.4658,11174.7803,11226.9102,10005.998,2623.1948,10224.5771,9525.5342
440.5,10884.9932,11155.2822,11179.3281,10550.3623,3985.5774,10149.665,7803.1089
440.625,10779.9854,11088.3467,11091.8232,9939.4912,6108.7163,10183.6563,8879.4541
440.75,10803.9424,11178.6289,10823.0098,9939.2207,8263.0225,10271.001,9930.0098
440.875,10852.5615,11311.5967,10357.9658,10072.123,9666.8926,10747.4648,10595.7217
441,10828.9756,11387.2383,10156.3555,10480.5107,9844.415,11235.9941,11023.5547
441.125,10809.5459,11216.4639,10285.0137,10607.4844,9961.0703,11229.9395,11377.2197
441.25,10814.5039,11015.6914,10658.0068,10129.833,9931.4131,10790.666,11384.5293
441.375,10857.1221,10832.9814,11335.5293,9934.542,9973.8545,10625.7168,11571.9697
441.5,10917.5488,10501.4365,11519.5566,9867.7783,10155.4492,10087.5068,11409.1006
441.625,10759.5098,10633.5693,10722.8203,10048.2168,10007.7695,10271.4971,11925.873
441.75,10645.0186,10810.1055,10530.6182,9936.0674,9990.3203,10311.4551,12629.7344
441.875,10574.6592,10898.9072,10446.1279,9811.2988,10218.3516,10270.0332,11848.0957
442,10845.0859,10809.6318,10418.5479,9843.874,10203.6348,10233.7979,11765.3018
442.125,10869.0703,10810.7031,10484.2295,9951.4512,10085.9756,10589.5469,11940.7979
442.25,11019.0098,10811.4863,10566.5303,10184.2139,10349.6309,10669.3057,11518.1748
442.375,11048.2646,10814.4883,10716.5996,10377.9775,10255.6123,10750.5322,11763.373
442.5,10880.082,10814.4883,11129.5156,9892.3291,10431.9434,10746.5771,12114.3721
442.625,10749.5137,10740.7979,11021.1367,10317.8223,10487.0215,10650.7598,11999.0576
442.75,10837.9521,10747.6523,11016.7363,10360.3535,10815.2529,10650.7598,10486.75
442.875,10844.3936,10949.2051,10949.9932,7300.2241,10543.585,10502.5195,8676.5791
443,10850.4668,11071.1279,10863.7539,4066.8848,10645.2588,10555.6074,8818.167
443.125,10872.6504,10969.5313,10863.2803,2681.6436,10687.3799,10518.3545,11175.0273
443.25,10970.4688,10946.0527,10809.2607,2287.8408,11792.2754,10361.4424,12416.0928
443.375,10746.335,11002.7998,10546.8145,2301.5342,12920.8848,10257.8818,11892.3623
443.5,10837.3975,11075.3594,10265.2461,2391.2515,11977.2813,10288.2734,11679.0459
443.625,10994.5234,11076.3633,9663.0166,2441.4055,11018.1084,10304.1563,11515.2305
443.75,11015.4717,11077.2686,5413.0234,2432.9111,10979.4883,10530.3174,12027.4346
443.875,11102.6768,11078.7891,2776.9192,2443.7751,11204.4121,10587.6035,12354.5361
444,11230.7764,11190.9404,2776.9192,2590.1069,10706.8066,10674.3506,11507.165
444.125,11003.9834,11194.1123,2776.9192,2748.4153,11166.8359,10665.707,11554.9648
444.25,10920.751,11081.9561,2776.9192,2751.7078,11045.8594,10535.9189,11988.1631
444.375,11030.6367,11099.7012,2776.9192,2682.0889,10454.4395,10129.4492,12193.46
444.5,11269.5166,11279.7207,2762.4695,2615.4883,10610.2246,10018.874,11810.3867
444.625,11374.0518,11341.3018,2745.4556,2520.9348,10472.502,10331.6943,11768.8096
444.75,11384.0938,11329.6396,3097.0044,2381.1929,10583.2861,10509.5635,11481.0371
444.875,10828.6953,11150.2393,3968.2842,2331.4053,10435.6143,10639.791,10670.9111
445,10929.708,10965.2568,6359.0781,2374.1147,10486.1406,11201.96,10262.2666
445.125,10975.9492,10963.3828,7446.6182,2336.7278,10070.0576,11295.21,9560.5303
445.25,11613.3838,10994.6064,7747.3394,2325.8735,10761.9551,11028.1025,8340.9209
445.375,11555.8682,11093.3545,8328.6035,2373.7341,12661.3018,10944.3682,8740.5742
445.5,10746.8857,11093.3545,9660.8135,2423.3062,11367.8604,11318.3389,9661.0664
445.625,10487.3662,11200.8955,9992.4893,2646.3525,10091.4248,11592.6016,9769.7549
445.75,10192.3203,11351.0898,10111.8096,3019.8975,9962.6514,11401.2451,9660.2412
445.875,10171.7412,11330.1338,10111.2715,3190.1672,10038.8086,11009.5674,9101.9668
446,10460.0518,11225.6318,10111.0908,7407.0063,10501.3203,10725.4932,8732.541
446.125,10634.0176,11226.5508,10110.3711,7298.5674,10772.8281,10724.7666,9809.7852
446.25,10650.8076,11196.5605,10208.8184,8243.4863,10961.8125,10741.3037,10288.958
446.375,10866.1494,11100.6963,10220.0723,11733.9209,11122.0654,10918.8555,10424.2578
446.5,10825.4707,11195.0068,9541.3232,11285.6035,11255.0176,10921.2197,11001.582
446.625,10792.5547,11231.0322,9902.7754,10486.5703,11571.001,10950.709,10736.6768
446.75,10779.7275,11178.7695,9600.3477,10547.9336,11653.4033,11010.4922,9906.4453
446.875,10789.1309,11105.626,9686.7617,10698.9893,11384.3457,11129.0166,8187.7632
447,10841.417,11011.8584,9989.2529,10446.4258,10975.5645,11374.4229,7517.0488
447.125,10912.0498,11160.6709,10106.4785,10207.6826,10524.9512,11393.4375,8545.877
447.25,11041.0527,11120.792,10080.8125,10312.0518,10693.5703,11378.7715,9710.9063
447.375,8553.2295,11109.8682,9848.2686,10359.2461,11054.5352,11251.54,9778.4951
447.5,4538.7578,11111.0176,9954.3262,10048.8184,11750.1016,11108.8516,9817.6826
447.625,4704.6323,11111.7646,10060.0762,9796.166,11715.3135,10797.0439,10929.5586
447.75,10152.5459,11113.1992,10023.2656,9932.6826,11007.3486,10930.0693,10611.8906
447.875,10709.2646,11018.6465,10133.0537,10132.8037,10688.6113,11381.2197,8639.3203
448,11038.7363,10988.1523,10249.04,10389.4053,10367.6904,11718.7061,8266.2695
448.125,11038.7363,11065.9678,10204.3887,10565.5625,10683.9209,11624.5459,9592.0195
448.25,11067.1299,11117.6465,10102.252,10699.1279,11214.6514,11407.4785,10705.8281
448.375,10977.0674,11118.7881,10101.8193,10599.5332,10489.957,11298.917,11756.3652
448.5,10948.8242,11182.1553,10101.3516,10429.1162,11052.5938,11136.3633,13923.9346
448.625,11054.5225,11243.1396,10238.0693,10291.6133,11329.4893,11135.5713,11829.4287
448.75,11079.7969,11121.9238,10175.0479,10211.4932,11132.5869,11134.8887,11334.6689
448.875,11113.6396,11123.2773,9947.8594,10138.6182,11475.6943,11133.9854,11301.5898
449,11176.6455,11036.0146,9809.5566,10206.0244,11499.7383,11266.7266,10976.9102
449.125,11172.1885,10998.5752,10089.8779,10510.168,11058.7686,11298.2656,14127.499
449.25,10986.3975,11000.0039,10380.8945,10407.668,11005.5234,11218.543,11846.3799
449.375,10881.541,11000.2871,10526.5459,10227.4951,11839.623,10808.3086,11269.7705
449.5,11013.9131,11027.9473,10391.0889,10022.6318,11759.5371,10734.2324,11910.708
449.625,11050.6074,11130.1885,10293.0527,10121.6592,11747.375,10825.5967,13085.8682
449.75,11052.1563,11229.6162,10242.2754,10196.9414,11884.9053,10995.3838,12700.7305
449.875,11059.6709,11155.2246,10241.6211,10365.5664,11712.3857,10771.4346,12200.3672
450,11057.0156,11133.0664,10050.8252,10360.1309,11592.2891,10523.1055,11237.9258
450.125,11026.915,11069.9189,9946.8271,10236.0996,10617.4697,10310.6543,10710.5371
450.25,11033.8496,11008.4043,9946.8271,10147.126,10580.5811,10246.7705,10306.1367
450.375,11043.2852,10924.3379,9946.8271,10179.5732,11169.0527,10448.9521,10416.7559
450.5,11016.334,11078.4619,9946.8271,10251.2422,11690.8926,10469.208,10455.4756
450.625,11010.335,11040.5518,9946.8271,10144.5947,11604.4258,10290.7471,10828.2246
450.75,10967.6816,11016.0439,9946.8271,10143.7744,11572.2363,10254.1904,10299.1201
450.875,10949.9307,11016.0439,10028.8379,10237.4854,10729.1064,10326.0479,9262.6113
451,10979.0967,11016.0439,10197.8242,10359.4434,10797.3809,10269.9121,8991.6553
451.125,10936.2568,11016.1025,10308.3867,10274.1641,10964.29,10209.8008,9590.9775
451.25,10872.957,10898.4932,10426.082,10274.1641,10996.7275,9819.5195,10893.709
451.375,10923.0586,10766.166,10624.1621,10153.79,11236.6943,9787.1035,11610.8994
451.5,11114.3105,10715.4121,10576.5928,10138.2617,11292.7021,10181.6768,11794.8516
451.625,10909.3262,10160.1719,10530.5879,10138.2617,11153.3389,10254.0928,11184.5518
451.75,10909.3262,9339.7119,10408.6328,10267.8506,10778.0488,10305.0742,9400.8301
451.875,10949.9512,8676.707,10381.0283,10270.2021,11976.8252,10110.0137,10276.0801
452,10917.8516,8615.6719,10475.4639,10427.7969,10600.4756,10026.6592,8575.4268
452.125,11000.8291,9209.959,10527.8252,10448.5176,10721.4561,10013.7637,9801.5117
452.25,11021.0068,10177.6367,10415.2705,10631.377,10649.791,10034.2451,10294.6025
452.375,11004.1045,7557.0103,10378.2881,10548.7822,10499.2402,10133.7344,10844.7305
452.5,10995.9297,4156.2607,10378.2881,10320.2148,10608.0283,10176.0176,9799.2979
452.625,10993.916,3905.2659,10378.1211,10325.0547,10724.9619,10042.7441,11997.3223
452.75,10981.9268,4591.4888,10377.3721,10436.1318,10859.7295,9539.708,10600.8428
452.875,10879.2969,4797.3145,10299.5371,10532.6289,11019.8457,8235.1475,9804.5156
453,10888.2578,4367.4966,9754.1992,10579.5273,11020.8135,6158.3979,10191.6816
453.125,10910.4561,3509.4485,9133.6572,10667.9092,10956.0117,3208.7017,10373.6523
453.25,10949.8848,2811.655,9398.8262,10832.8486,10469.3203,2493.1519,11318.0762
453.375,11066.6172,2812.8713,8028.522,11029.9873,10276.6709,2486.8396,11477.5625
453.5,11095.1719,3673.2058,5198.5981,10939.9189,10441.1094,2720.7908,12425.9785
453.625,11049.0117,4667.7881,3457.6934,11017.6475,10331.2832,2776.6079,11867.5
453.75,10876.3408,4706.6704,2938.3481,10973.5859,10285.3428,4372.7031,11433.9678
453.875,10893.6123,4261.7798,2834.9075,10836.8672,10157.4238,6426.8354,12001.4063
454,10940.9102,3837.9836,2872.1912,11008.8887,10052.9102,9587.792,10766.2432
454.125,10938.7725,3507.5662,2912.3489,11073.9951,9709.0029,10741.333,11032.8096
454.25,10938.1709,4325.9961,2865.4558,11004.9443,10015.4043,10983.4346,11474.6074
454.375,10903.5,7108.2979,2833.9514,10933.7012,10553.3428,11232.8076,11791.7715
454.5,10856.7129,9103.2275,2833.9514,11067.5215,10509.2764,11540.8232,12135.0186
454.625,10777.0098,10268.585,2774.113,11070.3906,10414.1982,11201.6113,11273.1084
454.75,10959.3145,10288.5391,2757.0942,11069.8799,10054.4072,10933.665,10801.625
454.875,11020.4785,10012.1338,2699.5596,11039.71,9608.8252,10955.4639,10621.6729
455,10946.7803,10310.7402,2681.2944,10929.6133,7795.2769,11063.3623,10229.8555
455.125,10940.9658,10658.2637,2743.0146,10877.8555,4508.8013,11063.3623,9592.7285
455.25,10917.6074,10793.2998,2756.624,10791.1299,9000.2432,11139.1426,10001.4912
455.375,10983.916,10793.875,2714.656,10789.499,4293.5386,11193.5068,9800.1338
455.5,11028.4844,10795.5684,2680.6863,10722.9014,2698.0522,11193.5068,8006.6606
455.625,11105.9102,10764.4258,2680.3655,10546.9111,2393.834,11050.9785,7924.6572
455.75,11192.7617,10671.5254,2828.7681,10239.8145,2510.541,11025.749,8328.6387
455.875,11207.7725,10552.7031,3442.2473,9998.7109,3420.1865,10915.6572,8837.1865
456,11223.9971,10640.0068,4585.8818,10075.9922,7443.5352,11014.1875,9521.4082
456.125,11172.1445,10820.0205,6394.7578,10109.9326,10121.1426,11140.2217,10162.1631
456.25,10985.625,10927.041,9610.2188,10124.8584,10149.3799,11186.1494,9320.751
456.375,10985.625,10923.2422,10659.8975,10241.6885,10035.0664,11121.1104,9563.3447
456.5,11013.7324,10767.6045,10659.8975,10241.6885,10171.3652,10878.3457,9530.71
456.625,11021.3789,10556.585,10659.8975,10373.5547,10313.5342,10840.6055,9550.0469
456.75,10912.9941,10227.6074,10659.8975,10374.2998,10315.6846,10887.0498,9186.5957
456.875,10807.9443,9490.2305,10659.8975,10290.0029,10210.0752,10887.0498,10037.5264
457,10785.2744,9736.4248,10659.8975,10238.3818,9934.5068,10912.3867,11167.251
457.125,10765.3701,10485.8799,10659.8975,10236.9385,9945.2627,10826.9502,10994.9814
457.25,10685.7363,11030.4551,10659.8975,10236.9385,10115.4336,10733.9355,9809.8027
457.375,10602.9307,11063.4697,10659.8975,10152.9404,9848.2041,10665.4717,9298.041
457.5,10437.5078,11064.0918,10659.8975,10102.8555,9965.0938,10405.4277,8757.6172
457.625,10426.9717,10920.9941,10940.7549,9971.2939,9857.4814,10319.8877,7855.7085
457.75,10447.8271,10814.4883,11290.6875,9950.5576,9680.0078,10824.0449,7960.5288
457.875,10461.998,10913.3359,11566.5811,9836.5625,9981.0371,11073.6631,8140.5459
458,10461.998,10979.4648,11391.7217,9942.3506,9841.9082,11216.8301,7540.3545
458.125,10346.8779,11069.4414,11036.2529,10032.918,10021.2285,11425.0752,7461.6855
458.25,10166.7363,11070.373,10694.875,10065.6885,10245.0967,11544.2754,8183.7671
458.375,10320.2012,11009.1055,10933.3213,9944.6934,10368.7529,11381.457,8759.9639
458.5,10631.6523,10909.79,11491.3125,9789.6709,10470.4609,11374.71,9312.4541
458.625,10908.6855,9671.1914,11573.3506,9602.666,10756.4453,11472.9521,9551.1895
458.75,10757.502,5191.3823,11553.2988,9474.3652,11580.8848,11473.1973,10065.9795
458.875,10750.1074,9251.2393,11416.2305,9441.8916,12100.417,11321.5625,10541.0156
459,10447.7197,9368.8242,11415.8564,9536.4043,12133.4873,11113.9258,10708.1221
459.125,10425.2227,5265.8389,11336.0381,9569.2354,12585.5156,10924.6807,11513.2656
459.25,10513.6738,3643.041,11260.1172,9680.9688,12417.3428,10904.5371,11377.4893
459.375,10609.6992,3434.5735,11375.7813,9697.4316,12166.7432,10880.832,10967.0596
459.5,10719.1113,3226.729,11782.7236,9697.4316,11857.6699,10805.3604,11185.125
459.625,10852.7178,3305.6763,11536.0967,9599.1709,11445.5039,10530.1982,11311.9854
459.75,10859.8555,3200.1563,11110.9326,9564.6445,11870.168,10266.7578,10416.8262
459.875,10889.585,3196.8562,11103.5557,9564.6445,12197.6807,10206.7217,7995.6475
460,10889.585,3429.6848,11102.6875,9564.6445,11860.0918,10318.624,7099.521
460.125,10912.6445,3556.1528,11020.0811,9617.3066,11752.8975,10444.2881,6819.4604
460.25,10882.9414,3391.823,10723.4131,9692.8105,11883.2988,10563.6602,5443.6455
460.375,10860.9463,3158.4084,10396.4883,9692.7842,11529.04,10607.3867,4030.1741
460.5,10909.043,3047.1982,10202.7373,9689.7295,11365.5381,10845,3602.9944
460.625,10874.7471,2988.4631,10424.5586,9689.7295,11307.4346,10859.3086,3452.8462
460.75,10847.0059,2831.9519,10646.0029,9689.7295,11169.5332,10699.543,3399.3301
460.875,11094.4014,2542.2114,10723.8252,9689.7295,11453.1416,10664.4033,3466.9688
461,11100.6494,2416.1443,10983.7109,9754.7334,11390.0527,10567.6172,3487.0024
461.125,11027.3652,2327.2737,11408.0713,9818.7295,10879.0938,10701.9814,3390.2559
461.25,11069.5693,2211.8696,11831.7246,9785.71,10951.3018,10925.2236,3257.0623
461.375,11127.9355,2346.6997,11679.2217,9686.6523,11497.5527,11076.5742,3209.7886
461.5,11177.0293,2966.407,11356.9404,9686.6523,11655.7695,11183.9824,3212.2676
461.625,11141.5879,6515.8491,11248.6924,9769.4053,11440.4775,10922.835,3197.7317
461.75,11146.6172,9929.8271,11248.6924,9815.6309,10991.0674,11082.584,3197.8518
461.875,11123.3359,10807.6582,11287.3916,9893.4355,11167.4453,11482.4346,3638.2009
462,11008.0801,10841.002,11402.2441,9913.8193,11488.4717,11457.0654,5625.9961
462.125,10999.0498,10841.4688,11401.4785,9498.709,10392.0498,11283.9268,8564.3135
462.25,11023.1533,10842.5176,11421.998,7187.6606,7558.0938,11535.2314,9906.3623
462.375,11054.6533,10884.4277,11629.2207,6409.3687,6653.3657,11716.1504,10619.2061
462.5,11273.4219,11014.1611,11710.1436,8228.0469,7844.6597,11891.8789,11023.083
462.625,11322,10998.8379,11710.1436,10256.6455,10794.957,11934.4453,11046.4473
462.75,11061.6953,10795.1748,11710.1436,10359.4023,11381.2227,11820.0098,11158.6074
462.875,11026.6426,10722.2197,11710.1436,10556.6133,11504.915,11820.0098,11071.9414
463,10997.9248,10800.6055,11659.5049,10991.0957,11343.6035,11344.8604,11179.7354
463.125,11103.5498,11073.2334,11467.1865,10627.9219,11312.0684,11287.2705,11497.3867
463.25,11159.8135,11231.2334,11497.1475,10514.7725,11549.9785,11283.5137,11189.9697
463.375,11044.3721,11233.3457,11716.416,10480.7969,11745.8291,11309.0176,10890.1123
463.5,11025.708,11232.1748,12011.3281,10606.6045,12105.4541,11429.9893,10732.6992
463.625,11039.3389,11095.3242,11927.9814,10599.4736,12166.9199,11959.3643,10662.7959
463.75,11100.8711,10936.582,11807.5869,10447.7656,11908.4619,12332.1396,10317.5674
463.875,11100.8711,10714.4756,11648.7334,10334.5049,12045.7119,12162.6748,10219.5313
464,11046.9775,10617.6777,11548.6484,10444.3945,12309.5654,11722.2109,10226.626
464.125,11037.292,10866.0898,11616.5049,10467.7119,12311.3389,11192.6689,10461.9883
464.25,11012.543,11177.8164,11674.5938,10512.7803,12311.3389,11203.0479,10508.9014
464.375,10939.8193,11113.6533,11614.2676,10601.7725,12354.4961,11182.0664,10424.9648
464.5,11002.9316,11189.7158,11931.499,10692.1113,12468.6885,10886.0273,10781.708
464.625,11048.2998,11244.1504,12177.5391,10982.2188,12480.7031,10931.1016,11494.6836
464.75,11013.4746,11153.293,12129.7939,11150.6729,12574.0986,11447.0029,12145.5127
464.875,10982.1377,11032.6494,12075.0586,11150.6729,12359.7217,12515.6348,11770.5791
465,11004.1182,11119.6016,12293.0068,11013.5342,12430.7148,12800.6514,10999.1309
465.125,11266.1543,11142.1113,12228.1592,11009.8906,12517.0996,12524.3721,11654.3164
465.25,11078.3799,11361.0059,11948.9922,10928.4561,12521.8799,11970.7783,12572.1396
465.375,11015.9883,11116.1074,11637.96,10868.373,12265.3213,11834.415,11057.8516
465.5,11081.0537,10997.3535,10173.3799,10868.373,12112.9346,11792.5098,11063.873
465.625,11202.8252,10998.4766,8358.0605,10868.373,12095.7549,11529.5947,11416.4258
465.75,11072.3438,11095.083,8131.4136,10749.0244,12226.3506,11534.3691,11717.1445
465.875,10950.7246,11087.541,8199.0693,10728.5811,12262.2637,11536.7471,10535.5928
466,10968.9287,10951.6943,8047.2905,10728.5811,12167.8428,11459.3359,8852.3389
466.125,11019.7168,10973.9824,7893.2124,10722.9834,12168.4297,11263.916,9168.4727
466.25,11092.9404,11004.0732,8143.3882,10586.9863,12321.2822,10789.2881,10523.1475
466.375,11119.1494,11009.9902,8827.1348,10454.9121,12468.252,10852.0986,10332.3086
466.5,11141.7588,11135.5654,9635.3584,10549.3516,12484.1221,11095.6006,9778.7041
466.625,11133.7236,11135.5654,9648.1514,10711.7715,12738.834,11149.7734,9605.6016
466.75,11133.6875,11135.5654,9635.2627,10896.1729,12917.6553,10988.1973,10601.5576
466.875,11138.3096,11136.6807,9820.0605,10999.2246,12963.123,10925.1816,12521.4043
467,11034.4541,11137.8711,9679.1191,10932.5391,12902.9375,10887.8428,10996.9297
467.125,11007.2637,11138.292,10514.6992,10860.2207,12687.1191,10887.3389,10304.4229
467.25,11101.6904,11139.4805,10618.2451,10748.8408,12872.1914,10700.0459,10504.9141
467.375,11054.5635,11195.9131,10751.46,10611.6709,13005.4189,10625.373,9922.8252
467.5,11048.3828,11347.875,10824.4717,10584.8672,13290.2734,10854.1211,10028.7842
467.625,11047.6553,11219.4707,10514.4551,10451.2979,13472.6641,10949.9131,10247.4609
467.75,11051.9268,10935.0596,10167.1973,10417.6973,13619.4082,10840.3848,10978.1611
467.875,11051.9268,11017.9268,10130.4209,10270.2012,13125.25,10645.1953,11283.2891
468,10940.0332,11019.8643,10316.2197,10252.2363,12289.7363,10459.4648,10895.6494
468.125,10845.0117,11020.0439,10316.2197,10398.7773,11962.1055,10458.2988,10951.0049
468.25,9933.2949,11022.1582,10316.2197,10591.9023,11876.8818,10490.7852,10994
468.375,9450.0205,11022.2236,10316.2197,10715.625,11938.9385,10618.7988,10594.6738
468.5,9026.25,11023.6855,10316.2197,10715.0537,12031.873,10780.043,10377.626
468.625,8611.8359,11146.9521,10358.8574,10714.0059,12125.1436,10774.3779,9962.5986
468.75,8424.1738,11223.1328,10467.9287,10714.0059,12188.4268,10746.0684,10267.1162
468.875,9462.2793,10933.2607,10577.3125,10767.6016,12189.7207,10778.3076,10593.6836
469,8750.3779,10844.8076,10462.5596,10913.8857,12295.8633,10842.5977,10352.7217
469.125,3230.4514,11054.3936,10339.543,10986.7275,12218.5283,10936.9395,10386.458
469.25,3182.4055,11235.0674,10313.4844,10986.1035,11923.1943,11058.46,8666.9902
469.375,3520.8362,11286.0107,10311.9463,10888.3926,11738.8193,11074.0244,5734.3105
469.5,3652.103,11287.2373,10311.6621,10926.249,11909.7578,11196.4541,4968.2217
469.625,3652.103,11288.3682,10283.4014,11045.6123,12231.0645,11334.9482,7833.4829
469.75,2351.2043,11275.9365,10155.3799,11269.8633,11911.8154,11334.9482,10648.5508
469.875,2206.5032,11162.8057,9975.0518,11501.6895,12031.4033,11431.8477,10957.5654
470,2206.5032,11164.1113,9802.71,11416.6572,12338.6406,11433.2637,11557.9834
470.125,2251.0557,11165.5479,7258.3652,11090.0645,12198.9814,12129.5605,11143.9619
470.25,2424.7896,11237.3262,7807.519,11026.5752,11987.749,12018.4033,11313.2988
470.375,2878.8582,11336.9346,7541.6743,11239.9473,11954.5918,12088.7676,11983.0215
470.5,3588.6599,11383.7588,3688.458,11477.7305,12046.5986,12022.3418,10769.9932
470.625,3477.4146,11297.4805,3097.8491,11492.8691,12165.1152,12098.7832,11345.1152
470.75,3262.7576,11166.0811,3166.4775,11396.4756,12203.2871,11883.3135,11446.4033
470.875,2288.9163,10274.2617,3471.7666,11312.0811,12119.4893,11488.9824,10321.0938
471,2288.9163,5652.355,4312.0547,11281.7412,12082.8984,11834.0869,10917.2744
471.125,2241.1096,6803.562,5415.0269,11450.0381,12621.5391,11428.7734,10247.0059
471.25,2192.217,8658.915,6828.4307,11488.333,12547.1299,10215.2402,10302.2813
471.375,2879.0886,9101.3418,8152.5327,11337.5771,12376.6357,5810.5098,9643.3379
471.5,4063.938,9231.6006,8802.6768,11117.1963,12341.3604,3663.823,9548.7119
471.625,7012.0518,10125.4277,8859.3955,10972.1719,12170.7158,3238.6238,9543.5898
471.75,8547.666,10183.9736,9249.9121,10880.251,11956.7363,3144.3784,9453.4326
471.875,10026.7617,9338.876,9556.6309,10785.7266,11818.1641,3144.3784,9905.7314
472,10259.7139,9249.9561,9723.4697,10559.4844,12100.7451,3073.5474,10204.2568
472.125,10447.793,9799.5547,9584.8994,10610.5449,12443.4785,3021.3401,9863
472.25,10550.0986,9625.5264,9414.0059,10697.2705,12443.5879,3021.3401,10542.5811
472.375,10308.0049,10358.2832,9297.334,10830.085,12034.3291,3021.3401,9895.6221
472.5,9885.6738,11117.0137,9416.3311,10902.7246,12299.6133,2994.5317,9999.9932
472.625,10096.0654,11124.1338,9542.8623,11086.8535,12625.7275,2816.4768,10128.4561
472.75,10462.1641,10950.2275,9630.5029,11244.7607,12416.7725,2816.4768,10084.7451
472.875,10439.9844,11052.375,8901.3633,11233.5908,12219.9502,2816.4768,10672.4063
473,10075.0205,11005.4141,7807.6646,11046.46,12221.2256,2789.2781,10625.3047
473.125,10044.4619,10886.5977,7596.772,10840.416,12279.5264,2571.0896,11627.4365
473.25,10055.9912,10812.0928,7985.6353,10915.9473,12284.6689,2564.2441,11207.6113
473.375,9340.1523,10812.9736,8208.3125,10962.3438,9623.332,2367.9111,10624.6162
473.5,9188.0254,10813.667,8009.7842,11040.1787,4755.415,2331.9065,10055.3438
473.625,9099.5,10691.2246,7764.9873,11099.5254,3418.7915,2291.4595,10019.3154
473.75,9027.8564,10739.7275,8743.5596,11004.377,3327.9436,2291.4595,10034.0391
473.875,11241.7041,10954.7119,9865.8896,10848.46,2929.5791,2368.2578,10337.832
474,11386.1328,10973.4121,10183.9932,10738.2588,2645.9387,2412.2144,10569.8486
474.125,11016.7783,10819.7881,10964.1807,10902.0498,2515.8928,2412.2144,9808.5459
474.25,9658.8701,10758.2637,11713.9209,11130.3291,2506.2842,2412.2144,10670.4541
474.375,10700.3008,10745.9834,11978.2969,11235.0713,2506.417,2412.2144,11627.0654
474.5,10699.418,10867.7646,12201.5146,11114.1484,2558.6958,2412.2144,11243.8857
474.625,10661.8262,11032.8857,12294.0313,11097.2959,2645.2708,2782.0825,10955.9873
474.75,10302.1875,11000.1826,12294.0313,11231.7559,3774.4827,3383.3291,10323.1563
474.875,10216.1406,11024.3145,12294.0313,11231.7559,7524.1504,3324.4875,10029.5576
475,10676.29,10813.3535,12294.0313,11099.9287,5853.7588,4048.0466,9787.7686
475.125,10892.9639,10555.3916,12293.707,11056.4238,3376.4165,4142.2471,10058.8154
475.25,10508.0547,7445.0098,12293.0342,10951.7002,4196.168,3794.1355,9941.2803
475.375,8686.1484,10175.9082,12109.2012,10808.5967,2756.5574,2998.1743,9967.6875
475.5,7181.6924,9907.4316,11719.1123,10675.1816,2743.5549,2882.4204,10272.6162
475.625,7593.4922,7867.6587,11799.7285,10722.2363,2798.3318,2490.2839,9804.5
475.75,5950.4883,3384.8276,11629.9004,10808.9346,2737.8406,2521.3025,9774.4766
475.875,2551.3867,2335.6628,11499.4189,10808.9346,2626.0833,2663.4204,9740.9209
476,2551.3867,2251.6602,11522.1514,10808.9346,2580.4448,2786.0244,9877.9551
476.125,2681.6326,2585.5586,11749.1133,10852.7334,2609.1238,2956.7839,10176.3984
476.25,2748.9744,4698.0645,11968.876,10945.1533,2652.9565,3370.5732,9604.2754
476.375,2660.5918,8097.0122,11862.1865,11023.9336,2652.9565,3444.3926,9848.6943
476.5,2576.6685,10407.8467,11676.8789,11083.0518,2851.5942,3345.3386,10353.7783
476.625,2860.5288,10658.9805,11564.9082,10959.29,3013.4009,2859.2512,9972.5928
476.75,3076.2922,10667.2461,11651.6943,10862.6865,2951.229,2826.5896,10391.4072
476.875,3335.7515,10480.5313,11762.335,10772.71,2842.7822,2906.218,10654.0176
477,3137.1245,10605.6943,11713.6279,10666.2939,2611.6975,2910.1985,10611.7451
477.125,2863.8462,10898.4951,11571.7559,10666.04,2535.0698,3128.8962,11027.9629
477.25,2686.9004,10687.9453,11493.0391,10665.4883,2511.8792,3359.738,10741.6152
477.375,2685.9363,9865.5273,11490.7588,10663.9805,2511.8792,3678.4553,10783.9014
477.5,2684.5059,9478.9902,11490.7588,10663.8711,2514.918,4512.0581,10436.5088
477.625,2288.1208,9339.7441,11490.7588,10647.709,2641.7122,6199.3691,9964.7959
477.75,2492.5195,8833.4707,11490.2588,10526.208,2835.8308,8198.0576,10406.6563
477.875,4035.9438,6656.8682,11489.7979,10589.6504,2824.8398,9140.543,10577.917
478,8292.373,7621.6084,11489.7979,10660.6416,2773.0662,9270.418,10334.71
478.125,10505.5273,10180.5342,11554.8926,10566.1963,2602.4998,9071.2783,10309.4014
478.25,10578.8037,10907.6592,11448.5488,10459.4297,2540.5161,8928.4609,11398.3242
478.375,10682.5762,10953.5615,10196.6641,10387.0459,2619.7839,9161.207,10231
478.5,10702.7832,11105.501,8870.6279,10386.5322,2713.8831,9484.0762,10020.3047
478.625,10728.5391,11151.0967,8468.2021,10385.4541,2785.1348,9783.2354,9858.1006
478.75,10802.5674,11235.1152,8453.0732,10385.4541,3224.6711,9818.8457,9912.3086
478.875,10802.5674,11330.2852,8545.3984,10307.1748,6187.6978,9683.5117,10051.665
479,11007.6436,11304.3525,8799.4004,10347.4307,6925.854,9664.0508,10297.7617
479.125,11084.5947,11309.4502,9763.0723,10511.4766,6925.854,9558.7686,10298.7344
479.25,10987.3633,11460.2158,9750.0625,10707.0176,6925.854,9586.5498,9914.0176
479.375,10908.5352,11289.7988,8693.9248,10789.4004,10134.5898,9618.8926,9144.124
479.5,10863.4912,11145.1123,8061.0088,10788.6133,11704.7314,9897.5078,9341.2139
479.625,10842.1895,11263.334,7680.5449,10724.5557,11465.8672,9921.9902,8753.8359
479.75,10971.7725,11372.2715,6104.2256,10483.9316,11434.7373,9770.6348,9113.5684
479.875,10981.7959,11272.8799,5037.2305,10244.8535,11692.7725,9766.4902,10349.8555
480,10991.6328,11247.8457,5738.7261,10376.998,11893.0059,9584.0996,11275.6494
480.125,11096.1982,11248.7842,7270.5864,10284.4043,11943.709,9582.9082,12213.7725
480.25,11131.0928,11252.5635,6918.3682,10242.4785,11860.9404,9582.6094,11040.8125
480.375,11116.0664,11378.875,8182.5713,10319.5684,11792.0225,9552.4385,10505.1572
480.5,11095.1631,11312.6133,8735.2676,10404.1377,11381.0449,9537.5059,9387.543
480.625,11072.6797,11251.8711,10388.4102,10475.6963,11295.7275,9519.3477,8244.3906
480.75,11032.9453,11129.7207,11230.5742,10340.1172,11491.2529,9563.708,9355.7246
480.875,10941.1641,11194.6748,11457.9639,10149.4434,11493.0078,9567.5645,8715.4863
481,10818.7031,11255.585,11476.3359,10106.8535,11493.3525,9394.1934,8564.4922
481.125,10828.9277,11209.3525,11476.3359,10236.9385,11602.6113,9331.9521,8658.9111
481.25,10849.0781,11130.1885,11476.3359,10258.8535,11595.8379,9301.4199,8800.2988
481.375,11105.6807,11007.2842,11476.3359,10393.835,11421.585,9331.4785,9339.5469
481.5,11124.5059,11005.9912,11598.1387,10503.752,11244.7773,9471.1387,10852.7725
481.625,11067.5605,11037.0938,11870.9199,10428.3701,10936.918,9512.6631,11839.666
481.75,11001.498,11134.7275,12099.668,10367.1299,10783.3818,9547.3945,11088.7578
481.875,10969.9502,11135.8115,12103.332,10476.834,10959.0459,9563.1279,9969.1367
482,11015.1543,11137.8711,12102.7588,10690.8486,11093.6729,9357.3223,11467.4287
482.125,11045.5234,11115.7334,12102.7588,10772.3721,11201.1807,9357.3223,12022.0225
482.25,10919.9424,9170.9307,12244.457,10904.2383,11091.8818,9356.6768,10610.7051
482.375,10911.8145,4370.6118,12261.2207,11024.0332,11054.3008,9493.4229,12022.251
482.5,10934.9805,4509.0566,12261.2207,11250.8213,10907.9893,9552.1328,11200.46
482.625,10951.5137,6508.1846,12260.3604,11114.9893,11029.7803,9462.2402,12203.8516
482.75,10977.8096,7932.3306,12067.9551,10771.5195,11056.9453,9349.7803,12908.2051
482.875,11027.4375,9726.2451,11523.874,10542.1455,11198.2197,9577.6631,12661.8232
483,11068.5586,10024.4072,11468.6465,10571.4912,11107.8359,9721.0186,12741.1914
483.125,11008.8984,9992.6865,11607.5488,10515.5117,11059.5938,9881.7285,12680.5869
483.25,11089.457,9593.1064,11622.9248,9547.46,11181.5713,10031.2998,12281.5918
483.375,11031.6113,10506.3975,11502.9814,6851.1685,11210.9482,10035.0264,12162.7246
483.5,11035.6943,10971.5684,11465.7656,4022.4268,11210.9482,10109.6123,12296.8076
483.625,11093.0342,11149.6455,11586.9512,2987.1287,11212.6025,10717.8594,12464.6895
483.75,11072.0449,11109.6533,11620.9805,2405.5942,11275.957,10655.6445,11910.3086
483.875,11067.2549,10844.9238,11620.1533,2241.6392,11363.2412,10433.2695,11883.3457
484,10953.4766,10808.4736,11619.9648,2148.22,11465.6436,10312.4004,11657.623
484.125,10946.9639,10978.3467,11619.0459,2030.9102,11743.6982,10029.9766,11975.3525
484.25,10952.7881,10806.8037,11617.8975,2021.3097,11659.874,9899.7822,11989.7627
484.375,10903.416,10747.375,11617.1113,2059.8667,11392.5098,9917.7236,12101.376
484.5,10920.5283,10847.6074,11617.1113,2080.8159,11401.2578,10013.1572,12192.4004
484.625,11022.3975,10904.6504,11598.3623,2175.8611,11657.7275,10276.8564,13099.7861
484.75,11230.9121,10844.7891,11457.1172,2398.4099,11941.6934,11375.3242,12485.7607
484.875,10999.1904,10811.2217,11457.1172,2644.1582,12217.1807,12310.6992,12041.708
485,11013.7539,10908.5381,11457.1172,2578.5583,11912.7939,12222.2734,11810.1689
485.125,11121.293,10910.0898,11457.1172,2386.8633,11419.0742,12136.3066,12052.5781
485.25,10917.1592,10845.6113,11457.1172,2287.584,11259.0352,10769.3623,11509.8203
485.375,10997.8799,10892.2852,11457.1172,2215.4893,11320.4014,10019.1963,11791.7783
485.5,11054.4648,10984.1318,11456.2529,2201.6841,11479.0537,9805.6201,11402.8711
485.625,11071.8018,10890.4502,11455.1963,2257.7971,11976.2969,9571.4473,11750.915
485.75,11141.7012,10788.7617,11455.1963,2263.769,12542.1445,8937.4443,12005.1387
485.875,11137.2822,10911.8262,11455.1963,2231.3164,12234.749,8736.6533,11561.1729
486,11073.6543,11043.5693,11453.7305,2200.9495,11748.7393,8736.5215,11751.666
486.125,11028.0996,11044.1289,11453.2793,2144.7876,12011.9258,-999.25,11920.5381
486.25,11015.1621,10895.9766,11453.2793,2080.7932,11889.3086,-999.25,11867.8057
486.375,10997.6025,10721.9775,11591.0303,2078.3188,11903.002,-999.25,11734.8613
486.5,10982.4541,10812.5801,11607.4404,2091.3696,11991.4248,-999.25,11670.7363
486.625,11133.3867,11020.7803,11607.4404,2191.6853,11830.0273,-999.25,11412.8428
486.75,11241.9922,11180.9395,11726.4746,2345.113,11603.2246,-999.25,11479.8936
486.875,11239.1953,11180.9395,11763.6113,2367.6086,-999.25,-999.25,11538.9365
487,11227.8115,11180.9395,11641.5244,2296.5569,-999.25,-999.25,11242.584
487.125,11172.9746,11180.9395,11605.5117,2148.0144,-999.25,-999.25,10853.2021
487.25,11172.9746,11087.3916,11451.3838,2076.8933,-999.25,-999.25,10294.6641
487.375,10755.3594,11183.2471,11593.0742,2021.8375,-999.25,-999.25,8822.2842
487.5,10258.2412,11081.0098,10868.2285,2017.0498,-999.25,-999.25,8041.4995
487.625,5017.4697,11057.4707,6863.0889,2016.7411,-999.25,-999.25,8285.1201
487.75,5086.7402,11183.8916,3993.7139,2016.7411,-999.25,-999.25,8269.1572
487.875,8717.6484,11315.4512,3567.8191,2044.0664,-999.25,-999.25,8416.335
488,8174.6196,11316.0586,3331.5696,2220.8684,-999.25,-999.25,7912.5137
488.125,8408.5518,11297.7891,3011.0256,2429.835,-999.25,-999.25,5099.4609
488.25,9679.8701,11044.5566,2918.3025,2377.2136,-999.25,-999.25,4157.4395
488.375,10023.2451,10517.3574,2918.1628,2213.134,-999.25,-999.25,4593.3574
488.5,10457.7217,10640.5078,2940.2427,2047.2708,-999.25,-999.25,4531.936
488.625,10671.9824,11137.5439,3062.6919,1976.0944,-999.25,-999.25,4063.4104
488.75,10802.001,11112.3486,3293.5574,1994.931,-999.25,-999.25,3619.3677
488.875,10866.3203,11069.2842,3554.1448,2063.4934,-999.25,-999.25,3545.7422
489,10910.3994,11147.1738,3619.9028,2165.4807,-999.25,-999.25,4114.5757
489.125,11022.8848,11110.7852,3450.0872,2304.8855,-999.25,-999.25,5809.3457
489.25,11072.5176,11199.4219,3216.1433,2759.5229,-999.25,-999.25,6292.4404
489.375,10894.4521,11090.2813,3092.8931,3162.5818,-999.25,-999.25,4353.8364
489.5,10813.3848,11074.958,3008.4929,4714.4995,-999.25,-999.25,3410.2471
489.625,10780.4355,11013.1387,2925.1987,8477.6699,-999.25,-999.25,3883.2168
489.75,10746.8301,11011.8711,2916.7087,11144.7734,-999.25,-999.25,6835.3306
489.875,10704.5566,11082.9111,2916.7087,11029.002,-999.25,-999.25,10289.751
490,10679.3623,11206.3564,2820.3816,10844.1172,-999.25,-999.25,10646.2783
490.125,10662.376,11083.9326,2761.8081,10661.8887,-999.25,-999.25,10986.4795
490.25,10684.9756,11063.3164,2801.4861,10822.5273,-999.25,-999.25,10937.4912
490.375,10804.7598,10957.2871,2838.2524,10739.4307,-999.25,-999.25,11623.2402
490.5,10834.6123,10957.2871,2905.2405,10692.6396,-999.25,-999.25,11626.4736
490.625,10763.3418,10886.6387,2987.2646,10578.3789,-999.25,-999.25,11476.3174
490.75,10763.3418,10757.4922,2994.2705,10551.2393,-999.25,-999.25,10630.5811
490.875,10757.3037,10639.0723,2994.2705,10730.6055,-999.25,-999.25,10408.9893
491,10756.6152,10476.1182,2938.2307,10871.3184,-999.25,-999.25,10377
491.125,10756.6152,10490.3906,2912.5146,10758.4805,-999.25,-999.25,10770.5938
491.25,10756.6152,10765.0273,2780.0374,10527.5176,-999.25,-999.25,10700.9268
491.375,10514.8135,10961.3232,2626.0139,10697.4619,-999.25,-999.25,10814.8086
491.5,10329.1572,10862.2803,2508.7156,10665.9561,-999.25,-999.25,10934.8193
491.625,10104.3438,10893.75,2333.1604,10649.3457,-999.25,-999.25,10977.8721
491.75,9742.6387,10967.958,2338.5161,10728.5811,-999.25,-999.25,11022.8682
491.875,9850.1348,10969.0957,2537.21,10728.5811,-999.25,-999.25,10460.793
492,9904.9141,10970.2451,2748.0269,10592.5898,-999.25,-999.25,10249.0791
492.125,9839.2129,10853.9229,2936.3569,10590.5,-999.25,-999.25,10819.4941
492.25,8596.8389,10846.7168,2931.4683,10475.0918,-999.25,-999.25,-999.25
492.375,2566.1995,10825.5967,2839.8203,10453.3408,-999.25,-999.25,-999.25
492.5,2510.0881,10790.3535,2804.1597,10451.7285,-999.25,-999.25,-999.25
492.625,2233.1099,11002.8486,2767.5977,10451.7129,-999.25,-999.25,-999.25
492.75,2281.0906,11244.5518,2919.9358,10450.4395,-999.25,-999.25,-999.25
492.875,2618.4832,11327.3359,3071.8552,10440.8857,-999.25,-999.25,-999.25
493,7999.6392,11235.6602,3071.3589,10377.1846,-999.25,-999.25,-999.25
493.125,9852.4717,11235.6602,3051.4866,10791.5967,-999.25,-999.25,-999.25
493.25,10367.9639,11223.0586,2991.3257,10766.7861,-999.25,-999.25,-999.25
493.375,10484.3164,11109.4629,3012.7209,10718.0537,-999.25,-999.25,-999.25
493.5,10350.3164,11028.3965,3173.5432,10535.2891,-999.25,-999.25,-999.25
493.625,10753.373,8499.4668,4189.5703,10335.6641,-999.25,-999.25,-999.25
493.75,10696.6123,4471.8306,5459.8379,10416.9678,-999.25,-999.25,-999.25
493.875,10363.709,4144.7012,4289.2549,10442.9219,-999.25,-999.25,-999.25
494,9154.251,3828.1655,6014.5576,10544.6553,-999.25,-999.25,-999.25
494.125,8247.0264,3023.9319,7110.5063,10576.8223,-999.25,-999.25,-999.25
494.25,8493.7139,2356.8379,7119.7646,10662.4902,-999.25,-999.25,-999.25
494.375,8750.667,2129.8677,9270.0098,10620.0244,-999.25,-999.25,-999.25
494.5,7947.3599,2071.583,8959.3232,10490.7471,-999.25,-999.25,-999.25
494.625,9153.6143,2088.2385,9341.2139,10246.6357,-999.25,-999.25,-999.25
494.75,10248.165,2034.5323,9309.8389,10168.9971,-999.25,-999.25,-999.25
494.875,10709.2744,2088.1692,9612.2129,10069.1621,-999.25,-999.25,-999.25
495,10793.6455,2663.3008,9983.1719,10193.5615,-999.25,-999.25,-999.25
495.125,10901.3682,3449.7947,10416.3916,10299.5498,-999.25,-999.25,-999.25
495.25,10985.8105,4430.2988,10514.9385,10389.417,-999.25,-999.25,-999.25
495.375,11196.2197,3776.4707,10407.6377,10432.5322,-999.25,-999.25,-999.25
495.5,11190.3877,3109.7566,10261.4219,10322.3193,-999.25,-999.25,-999.25
495.625,11161.1953,3105.3301,10217.7188,10180.8545,-999.25,-999.25,-999.25
495.75,11127.6143,2750.5496,10217.1182,9759.5449,-999.25,-999.25,-999.25
495.875,11116.2598,2455.7217,10217.1182,10016.5049,-999.25,-999.25,-999.25
496,11159.5869,2533.6201,10329.9004,11207.2803,-999.25,-999.25,-999.25
496.125,11185.5635,2647.6763,10362.7539,11352.7197,-999.25,-999.25,-999.25
496.25,10827.6279,2634.9177,10251.9141,11812.2744,-999.25,-999.25,-999.25
496.375,10794.6416,2601.6924,10138.708,12068.5293,-999.25,-999.25,-999.25
496.5,11074.876,2499.1201,10068.0107,11684.1719,-999.25,-999.25,-999.25
496.625,11074.876,2392.7622,-999.25,10821.5254,-999.25,-999.25,-999.25
496.75,11024.7783,2562.5911,-999.25,11201.4609,-999.25,-999.25,-999.25
496.875,10951.1865,2976.9854,-999.25,11197.3369,-999.25,-999.25,-999.25
497,10981.2656,3411.7488,-999.25,10141.8887,-999.25,-999.25,-999.25
497.125,10990.3486,3267.8997,-999.25,9419.875,-999.25,-999.25,-999.25
497.25,11135.2627,2962.1755,-999.25,9487.4199,-999.25,-999.25,-999.25
497.375,11155.126,3125.2153,-999.25,9346.1553,-999.25,-999.25,-999.25
497.5,11132.8096,3728.2424,-999.25,9240.0674,-999.25,-999.25,-999.25
497.625,11008.6592,3852.3372,-999.25,9238.6182,-999.25,-999.25,-999.25
497.75,10962.8428,3268.012,-999.25,9238.5625,-999.25,-999.25,-999.25
497.875,10928.5098,2539.4893,-999.25,9311.7969,-999.25,-999.25,-999.25
498,10761.7246,2469.8372,-999.25,9513.334,-999.25,-999.25,-999.25
498.125,10871.2588,2393.8596,-999.25,9851.834,-999.25,-999.25,-999.25
498.25,10973.9121,2480.3291,-999.25,9928.5059,-999.25,-999.25,-999.25
498.375,10909.9785,2913.2197,-999.25,9631.8066,-999.25,-999.25,-999.25
498.5,10885.4561,3414.6248,-999.25,9847.1553,-999.25,-999.25,-999.25
498.625,10867.6152,3352.4412,-999.25,10043.9727,-999.25,-999.25,-999.25
498.75,7852.4834,2884.5774,-999.25,10242.6914,-999.25,-999.25,-999.25
498.875,5074.042,2550.5615,-999.25,10051.3652,-999.25,-999.25,-999.25
499,3871.1606,2441.7183,-999.25,9655.2705,-999.25,-999.25,-999.25
499.125,5805.6157,2492.616,-999.25,9529.6709,-999.25,-999.25,-999.25
499.25,8522.4883,2480.7275,-999.25,9569.4473,-999.25,-999.25,-999.25
499.375,8760.9463,2442.7976,-999.25,9394.6768,-999.25,-999.25,-999.25
499.5,9676.127,2444.5876,-999.25,9397.6689,-999.25,-999.25,-999.25
499.625,8791.7803,2541.2864,-999.25,9419.3398,-999.25,-999.25,-999.25
499.75,8273.627,3308.7141,-999.25,9328.5576,-999.25,-999.25,-999.25
499.875,9591.9453,4430.0137,-999.25,9475.1348,-999.25,-999.25,-999.25
500,10597.999,5307.6133,-999.25,-999.25,-999.25,-999.25,-999.25
